"","pred","prey","prop"
"AtlHerring","SeaBirds","AtlHerring",1.88
"AtlMackerel","SeaBirds","AtlMackerel",0.013
"Butterfish","SeaBirds","Butterfish",29.18
"SmPelagics","SeaBirds","SmPelagics",28.87
"Cod","SeaBirds","Cod",0.26
"Haddock","SeaBirds","Haddock",0.67
"Goosefish","SeaBirds","Goosefish",0.02
"SilverHake","SeaBirds","SilverHake",0.14
"RedHake","SeaBirds","RedHake",0.28
"WhiteHake","SeaBirds","WhiteHake",0.02
"Pollock","SeaBirds","Pollock",0.16
"OceanPout","SeaBirds","OceanPout",0.02
"Bluefish","SeaBirds","Bluefish",0.04
"Scup","SeaBirds","Scup",0.05
"OtherDemersals","SeaBirds","OtherDemersals",0.1
"Fourspot","SeaBirds","Fourspot",0.06
"AmPlaice","SeaBirds","AmPlaice",0.01
"Windowpane","SeaBirds","Windowpane",0.3
"WinterFlounder","SeaBirds","WinterFlounder",0.36
"YTFlounder","SeaBirds","YTFlounder",0.13
"SpinyDogfish","SeaBirds","SpinyDogfish",2.24
"WinterSkate","SeaBirds","WinterSkate",1.11
"LittleSkate","SeaBirds","LittleSkate",0.21
"Illex","SeaBirds","Illex",0.49
"Loligo","SeaBirds","Loligo",2.69
"OtherShrimps","SeaBirds","OtherShrimps",2.16
"Krill","SeaBirds","Krill",2.38
"Micronekton","SeaBirds","Micronekton",21.67
"LgCopepods","SeaBirds","LgCopepods",3.43
"Detritus","SeaBirds","Detritus",0.91
"Import","SeaBirds","Import",0.117
"AtlHerring.1","Pinnipeds","AtlHerring",0.82
"AtlMackerel.1","Pinnipeds","AtlMackerel",0.006
"Butterfish.1","Pinnipeds","Butterfish",12.72
"SmPelagics.1","Pinnipeds","SmPelagics",25.66
"Cod.1","Pinnipeds","Cod",2.3
"Haddock.1","Pinnipeds","Haddock",8.4
"Goosefish.1","Pinnipeds","Goosefish",0.17
"SilverHake.1","Pinnipeds","SilverHake",1.24
"RedHake.1","Pinnipeds","RedHake",3.52
"WhiteHake.1","Pinnipeds","WhiteHake",0.2
"Redfish.1","Pinnipeds","Redfish",0.04
"Pollock.1","Pinnipeds","Pollock",1.41
"OceanPout.1","Pinnipeds","OceanPout",0.29
"Scup.1","Pinnipeds","Scup",0.67
"OtherDemersals.1","Pinnipeds","OtherDemersals",1.24
"Fourspot.1","Pinnipeds","Fourspot",0.8
"SummerFlounder.1","Pinnipeds","SummerFlounder",0.04
"AmPlaice.1","Pinnipeds","AmPlaice",0.1
"Windowpane.1","Pinnipeds","Windowpane",3.83
"WinterFlounder.1","Pinnipeds","WinterFlounder",4.58
"WitchFlounder.1","Pinnipeds","WitchFlounder",0.03
"YTFlounder.1","Pinnipeds","YTFlounder",1.64
"SmFlatfishes.1","Pinnipeds","SmFlatfishes",0.03
"SpinyDogfish.1","Pinnipeds","SpinyDogfish",19.48
"SmoothDogfish.1","Pinnipeds","SmoothDogfish",0.02
"WinterSkate.1","Pinnipeds","WinterSkate",2.05
"LittleSkate.1","Pinnipeds","LittleSkate",0.39
"Illex.1","Pinnipeds","Illex",1
"Loligo.1","Pinnipeds","Loligo",5.55
"OtherCephalopods.1","Pinnipeds","OtherCephalopods",0.01
"Macrobenthos.1","Pinnipeds","Macrobenthos",1.08
"OtherShrimps.1","Pinnipeds","OtherShrimps",0.31
"Krill.1","Pinnipeds","Krill",0.05
"Micronekton.1","Pinnipeds","Micronekton",0.26
"Import.1","Pinnipeds","Import",0.054
"AtlHerring.2","BaleenWhales","AtlHerring",0.93
"AtlMackerel.2","BaleenWhales","AtlMackerel",0.007
"Butterfish.2","BaleenWhales","Butterfish",14.51
"SmPelagics.2","BaleenWhales","SmPelagics",8.1
"Cod.2","BaleenWhales","Cod",0.46
"Haddock.2","BaleenWhales","Haddock",0.51
"Goosefish.2","BaleenWhales","Goosefish",0.03
"SilverHake.2","BaleenWhales","SilverHake",0.25
"RedHake.2","BaleenWhales","RedHake",0.21
"WhiteHake.2","BaleenWhales","WhiteHake",0.04
"Pollock.2","BaleenWhales","Pollock",0.28
"OceanPout.2","BaleenWhales","OceanPout",0.02
"Scup.2","BaleenWhales","Scup",0.04
"OtherDemersals.2","BaleenWhales","OtherDemersals",0.08
"Fourspot.2","BaleenWhales","Fourspot",0.05
"SummerFlounder.2","BaleenWhales","SummerFlounder",0.01
"AmPlaice.2","BaleenWhales","AmPlaice",0.01
"Windowpane.2","BaleenWhales","Windowpane",0.23
"WinterFlounder.2","BaleenWhales","WinterFlounder",0.28
"YTFlounder.2","BaleenWhales","YTFlounder",0.1
"SpinyDogfish.2","BaleenWhales","SpinyDogfish",3.89
"WinterSkate.2","BaleenWhales","WinterSkate",0.92
"LittleSkate.2","BaleenWhales","LittleSkate",0.18
"Illex.2","BaleenWhales","Illex",0.48
"Loligo.2","BaleenWhales","Loligo",2.66
"Krill.2","BaleenWhales","Krill",8.53
"Micronekton.2","BaleenWhales","Micronekton",41.72
"LgCopepods.2","BaleenWhales","LgCopepods",15.39
"Import.2","BaleenWhales","Import",0.063
"AtlHerring.3","Odontocetes","AtlHerring",1.38
"AtlMackerel.3","Odontocetes","AtlMackerel",0.01
"Butterfish.3","Odontocetes","Butterfish",21.41
"SmPelagics.3","Odontocetes","SmPelagics",6.58
"Cod.3","Odontocetes","Cod",1.64
"Haddock.3","Odontocetes","Haddock",3.72
"Goosefish.3","Odontocetes","Goosefish",0.12
"SilverHake.3","Odontocetes","SilverHake",0.89
"RedHake.3","Odontocetes","RedHake",1.56
"WhiteHake.3","Odontocetes","WhiteHake",0.14
"Redfish.3","Odontocetes","Redfish",0.02
"Pollock.3","Odontocetes","Pollock",0.81
"OceanPout.3","Odontocetes","OceanPout",0.13
"BlackSeaBass.3","Odontocetes","BlackSeaBass",0.2
"Scup.3","Odontocetes","Scup",0.3
"OtherDemersals.3","Odontocetes","OtherDemersals",0.55
"Fourspot.3","Odontocetes","Fourspot",0.36
"SummerFlounder.3","Odontocetes","SummerFlounder",0.03
"AmPlaice.3","Odontocetes","AmPlaice",0.04
"Windowpane.3","Odontocetes","Windowpane",1.69
"WinterFlounder.3","Odontocetes","WinterFlounder",2.03
"WitchFlounder.3","Odontocetes","WitchFlounder",0.01
"YTFlounder.3","Odontocetes","YTFlounder",0.72
"SmFlatfishes.3","Odontocetes","SmFlatfishes",0.01
"SpinyDogfish.3","Odontocetes","SpinyDogfish",13.89
"SmoothDogfish.3","Odontocetes","SmoothDogfish",0.01
"WinterSkate.3","Odontocetes","WinterSkate",3.83
"LittleSkate.3","Odontocetes","LittleSkate",0.73
"Illex.3","Odontocetes","Illex",5.58
"Loligo.3","Odontocetes","Loligo",30.89
"OtherCephalopods.3","Odontocetes","OtherCephalopods",0.05
"Macrobenthos.3","Odontocetes","Macrobenthos",0.52
"OtherShrimps.3","Odontocetes","OtherShrimps",0.03
"Micronekton.3","Odontocetes","Micronekton",0.02
"Import.3","Odontocetes","Import",0.09
"AtlHerring.4","HMS","AtlHerring",0.81
"AtlMackerel.4","HMS","AtlMackerel",0.006
"Butterfish.4","HMS","Butterfish",12.63
"SmPelagics.4","HMS","SmPelagics",74
"Illex.4","HMS","Illex",0.34
"Loligo.4","HMS","Loligo",1.86
"GelZooplankton.4","HMS","GelZooplankton",10.3
"Import.4","HMS","Import",0.054
"SeaBirds.5","Sharks","SeaBirds",3.1
"Pinnipeds.5","Sharks","Pinnipeds",2.5
"BaleenWhales.5","Sharks","BaleenWhales",1
"Odontocetes.5","Sharks","Odontocetes",4.6
"HMS.5","Sharks","HMS",1
"Sharks.5","Sharks","Sharks",1.4
"AtlHerring.5","Sharks","AtlHerring",1.31
"AtlMackerel.5","Sharks","AtlMackerel",0.009
"Butterfish.5","Sharks","Butterfish",20.3
"SmPelagics.5","Sharks","SmPelagics",8.3
"Mesopelagics.5","Sharks","Mesopelagics",0.7
"OtherPelagics.5","Sharks","OtherPelagics",0.01
"Cod.5","Sharks","Cod",0.67
"Haddock.5","Sharks","Haddock",1.5
"Goosefish.5","Sharks","Goosefish",0.05
"SilverHake.5","Sharks","SilverHake",0.36
"RedHake.5","Sharks","RedHake",0.71
"WhiteHake.5","Sharks","WhiteHake",0.06
"Redfish.5","Sharks","Redfish",0.01
"Pollock.5","Sharks","Pollock",0.41
"OceanPout.5","Sharks","OceanPout",0.06
"BlackSeaBass.5","Sharks","BlackSeaBass",0.2
"Bluefish.5","Sharks","Bluefish",12.39
"Scup.5","Sharks","Scup",0.14
"OtherDemersals.5","Sharks","OtherDemersals",0.25
"Fourspot.5","Sharks","Fourspot",0.16
"SummerFlounder.5","Sharks","SummerFlounder",0.01
"AmPlaice.5","Sharks","AmPlaice",0.02
"Windowpane.5","Sharks","Windowpane",0.78
"WinterFlounder.5","Sharks","WinterFlounder",0.93
"WitchFlounder.5","Sharks","WitchFlounder",0.01
"YTFlounder.5","Sharks","YTFlounder",0.33
"SmFlatfishes.5","Sharks","SmFlatfishes",0.01
"SpinyDogfish.5","Sharks","SpinyDogfish",5.64
"SmoothDogfish.5","Sharks","SmoothDogfish",0.01
"Barndoor.5","Sharks","Barndoor",0.01
"WinterSkate.5","Sharks","WinterSkate",6.87
"LittleSkate.5","Sharks","LittleSkate",1.31
"OtherSkates.5","Sharks","OtherSkates",0.01
"Illex.5","Sharks","Illex",2.54
"Loligo.5","Sharks","Loligo",14.04
"OtherCephalopods.5","Sharks","OtherCephalopods",0.02
"Macrobenthos.5","Sharks","Macrobenthos",2
"GelZooplankton.5","Sharks","GelZooplankton",1
"LgCopepods.5","Sharks","LgCopepods",3.1
"Detritus.5","Sharks","Detritus",0.1
"Import.5","Sharks","Import",0.081
"SilverHake.6","AtlHerring","SilverHake",0.54
"RedHake.6","AtlHerring","RedHake",0.02
"OtherDemersals.6","AtlHerring","OtherDemersals",0.05
"Loligo.6","AtlHerring","Loligo",0.04
"Macrobenthos.6","AtlHerring","Macrobenthos",15.09
"Megabenthos.6","AtlHerring","Megabenthos",0.17
"OtherShrimps.6","AtlHerring","OtherShrimps",10.37
"Krill.6","AtlHerring","Krill",3.53
"Micronekton.6","AtlHerring","Micronekton",36.12
"GelZooplankton.6","AtlHerring","GelZooplankton",0.07
"SmCopepods.6","AtlHerring","SmCopepods",34
"Butterfish.7","AtlMackerel","Butterfish",0.36
"SmPelagics.7","AtlMackerel","SmPelagics",6.27
"SilverHake.7","AtlMackerel","SilverHake",3.1
"RedHake.7","AtlMackerel","RedHake",2.49
"Redfish.7","AtlMackerel","Redfish",0.06
"OtherDemersals.7","AtlMackerel","OtherDemersals",0.4
"Loligo.7","AtlMackerel","Loligo",2.17
"OtherCephalopods.7","AtlMackerel","OtherCephalopods",0.41
"Macrobenthos.7","AtlMackerel","Macrobenthos",11.74
"Megabenthos.7","AtlMackerel","Megabenthos",0.25
"OtherShrimps.7","AtlMackerel","OtherShrimps",5.58
"Krill.7","AtlMackerel","Krill",3.48
"Micronekton.7","AtlMackerel","Micronekton",31.32
"GelZooplankton.7","AtlMackerel","GelZooplankton",0.35
"SmCopepods.7","AtlMackerel","SmCopepods",32
"Macrobenthos.8","RiverHerring","Macrobenthos",25.18
"Megabenthos.8","RiverHerring","Megabenthos",0.26
"OtherShrimps.8","RiverHerring","OtherShrimps",7.26
"Krill.8","RiverHerring","Krill",0.24
"Micronekton.8","RiverHerring","Micronekton",67.06
"Windowpane.9","Butterfish","Windowpane",0.08
"Macrobenthos.9","Butterfish","Macrobenthos",39.38
"Megabenthos.9","Butterfish","Megabenthos",0.89
"OtherShrimps.9","Butterfish","OtherShrimps",5.76
"Krill.9","Butterfish","Krill",1.11
"Micronekton.9","Butterfish","Micronekton",26.78
"GelZooplankton.9","Butterfish","GelZooplankton",24.43
"Phytoplankton.9","Butterfish","Phytoplankton",1.56
"Macrobenthos.10","SmPelagics","Macrobenthos",0.14
"Krill.10","SmPelagics","Krill",0.71
"Micronekton.10","SmPelagics","Micronekton",4.19
"GelZooplankton.10","SmPelagics","GelZooplankton",10.2
"LgCopepods.10","SmPelagics","LgCopepods",48.0455110982403
"SmCopepods.10","SmPelagics","SmCopepods",20.8444889017597
"Phytoplankton.10","SmPelagics","Phytoplankton",15.8
"Detritus.10","SmPelagics","Detritus",0.07
"Macrobenthos.11","Mesopelagics","Macrobenthos",100
"AtlHerring.12","OtherPelagics","AtlHerring",3.48
"AtlMackerel.12","OtherPelagics","AtlMackerel",0.024
"Butterfish.12","OtherPelagics","Butterfish",53.98
"SmPelagics.12","OtherPelagics","SmPelagics",5.4
"Mesopelagics.12","OtherPelagics","Mesopelagics",0.3
"Cod.12","OtherPelagics","Cod",0.73
"Haddock.12","OtherPelagics","Haddock",3.27
"Goosefish.12","OtherPelagics","Goosefish",0.05
"SilverHake.12","OtherPelagics","SilverHake",0.39
"RedHake.12","OtherPelagics","RedHake",1.17
"WhiteHake.12","OtherPelagics","WhiteHake",0.06
"Redfish.12","OtherPelagics","Redfish",0.01
"Pollock.12","OtherPelagics","Pollock",0.45
"OceanPout.12","OtherPelagics","OceanPout",0.11
"BlackSeaBass.12","OtherPelagics","BlackSeaBass",0.2
"Bluefish.12","OtherPelagics","Bluefish",1.1
"Scup.12","OtherPelagics","Scup",0.26
"OtherDemersals.12","OtherPelagics","OtherDemersals",0.48
"Fourspot.12","OtherPelagics","Fourspot",0.31
"SummerFlounder.12","OtherPelagics","SummerFlounder",0.01
"AmPlaice.12","OtherPelagics","AmPlaice",0.04
"Windowpane.12","OtherPelagics","Windowpane",1.49
"WinterFlounder.12","OtherPelagics","WinterFlounder",1.78
"WitchFlounder.12","OtherPelagics","WitchFlounder",0.01
"YTFlounder.12","OtherPelagics","YTFlounder",0.64
"SmFlatfishes.12","OtherPelagics","SmFlatfishes",0.01
"SpinyDogfish.12","OtherPelagics","SpinyDogfish",6.19
"SmoothDogfish.12","OtherPelagics","SmoothDogfish",0.01
"WinterSkate.12","OtherPelagics","WinterSkate",1.17
"LittleSkate.12","OtherPelagics","LittleSkate",0.22
"Illex.12","OtherPelagics","Illex",1.74
"Loligo.12","OtherPelagics","Loligo",9.64
"OtherCephalopods.12","OtherPelagics","OtherCephalopods",0.02
"AmLobster.12","OtherPelagics","AmLobster",1.78
"Macrobenthos.12","OtherPelagics","Macrobenthos",2.4
"Megabenthos.12","OtherPelagics","Megabenthos",0.02
"AtlScallop.12","OtherPelagics","AtlScallop",0.04
"OceanQuahog.12","OtherPelagics","OceanQuahog",0.18
"SurfClam.12","OtherPelagics","SurfClam",0.08
"OtherShrimps.12","OtherPelagics","OtherShrimps",0.1
"Micronekton.12","OtherPelagics","Micronekton",0.2
"GelZooplankton.12","OtherPelagics","GelZooplankton",0.1
"Detritus.12","OtherPelagics","Detritus",0.1
"Import.12","OtherPelagics","Import",0.216
"AtlHerring.13","Cod","AtlHerring",8.78
"AtlMackerel.13","Cod","AtlMackerel",0.023
"Butterfish.13","Cod","Butterfish",0.06
"SmPelagics.13","Cod","SmPelagics",30.06
"OtherPelagics.13","Cod","OtherPelagics",0.68
"Cod.13","Cod","Cod",0.32
"Haddock.13","Cod","Haddock",0.42
"SilverHake.13","Cod","SilverHake",6.34
"RedHake.13","Cod","RedHake",0.41
"OceanPout.13","Cod","OceanPout",0.02
"Bluefish.13","Cod","Bluefish",0.29
"OtherDemersals.13","Cod","OtherDemersals",1.67
"OtherSkates.13","Cod","OtherSkates",0.01
"Illex.13","Cod","Illex",0.05
"Loligo.13","Cod","Loligo",0.09
"OtherCephalopods.13","Cod","OtherCephalopods",0.13
"AmLobster.13","Cod","AmLobster",0.02
"Macrobenthos.13","Cod","Macrobenthos",18.04
"Megabenthos.13","Cod","Megabenthos",25.68
"AtlScallop.13","Cod","AtlScallop",0.17
"OceanQuahog.13","Cod","OceanQuahog",0.01
"SurfClam.13","Cod","SurfClam",0.01
"OtherShrimps.13","Cod","OtherShrimps",4.58
"Krill.13","Cod","Krill",0.33
"Micronekton.13","Cod","Micronekton",1.63
"GelZooplankton.13","Cod","GelZooplankton",0.01
"Import.13","Cod","Import",0.207
"AtlHerring.14","Haddock","AtlHerring",1.1
"Butterfish.14","Haddock","Butterfish",0.2
"SmPelagics.14","Haddock","SmPelagics",4.25
"Haddock.14","Haddock","Haddock",0.3
"SilverHake.14","Haddock","SilverHake",1.68
"OceanPout.14","Haddock","OceanPout",0.12
"OtherDemersals.14","Haddock","OtherDemersals",0.14
"Macrobenthos.14","Haddock","Macrobenthos",78.87
"Megabenthos.14","Haddock","Megabenthos",5.5
"AtlScallop.14","Haddock","AtlScallop",0.89
"OtherShrimps.14","Haddock","OtherShrimps",2.52
"Krill.14","Haddock","Krill",0.69
"Micronekton.14","Haddock","Micronekton",3.54
"GelZooplankton.14","Haddock","GelZooplankton",0.18
"AtlHerring.15","Goosefish","AtlHerring",5.64
"AtlMackerel.15","Goosefish","AtlMackerel",0.371
"Butterfish.15","Goosefish","Butterfish",0.35
"SmPelagics.15","Goosefish","SmPelagics",10.47
"Cod.15","Goosefish","Cod",15.36
"Haddock.15","Goosefish","Haddock",10.39
"Goosefish.15","Goosefish","Goosefish",0.57
"SilverHake.15","Goosefish","SilverHake",9.69
"RedHake.15","Goosefish","RedHake",1.6
"OceanPout.15","Goosefish","OceanPout",0.08
"OtherDemersals.15","Goosefish","OtherDemersals",8.2
"Fourspot.15","Goosefish","Fourspot",0.15
"Windowpane.15","Goosefish","Windowpane",0.08
"YTFlounder.15","Goosefish","YTFlounder",0.68
"SmFlatfishes.15","Goosefish","SmFlatfishes",0.12
"SpinyDogfish.15","Goosefish","SpinyDogfish",0.33
"LittleSkate.15","Goosefish","LittleSkate",2.24
"OtherSkates.15","Goosefish","OtherSkates",10.89
"Illex.15","Goosefish","Illex",16.28
"Loligo.15","Goosefish","Loligo",0.82
"OtherCephalopods.15","Goosefish","OtherCephalopods",2.33
"Macrobenthos.15","Goosefish","Macrobenthos",0.01
"OtherShrimps.15","Goosefish","OtherShrimps",0.02
"Import.15","Goosefish","Import",3.339
"AtlHerring.16","SilverHake","AtlHerring",30.86
"AtlMackerel.16","SilverHake","AtlMackerel",0.51
"Butterfish.16","SilverHake","Butterfish",2.19
"SmPelagics.16","SilverHake","SmPelagics",12.15
"Mesopelagics.16","SilverHake","Mesopelagics",0.04
"OtherPelagics.16","SilverHake","OtherPelagics",2.29
"Cod.16","SilverHake","Cod",0.07
"Haddock.16","SilverHake","Haddock",0.48
"SilverHake.16","SilverHake","SilverHake",10.15
"RedHake.16","SilverHake","RedHake",0.26
"WhiteHake.16","SilverHake","WhiteHake",0.03
"Scup.16","SilverHake","Scup",0.03
"OtherDemersals.16","SilverHake","OtherDemersals",0.49
"SummerFlounder.16","SilverHake","SummerFlounder",0.02
"SmFlatfishes.16","SilverHake","SmFlatfishes",0.08
"Illex.16","SilverHake","Illex",0.69
"Loligo.16","SilverHake","Loligo",1.29
"OtherCephalopods.16","SilverHake","OtherCephalopods",1.02
"Macrobenthos.16","SilverHake","Macrobenthos",2.59
"Megabenthos.16","SilverHake","Megabenthos",0.07
"OtherShrimps.16","SilverHake","OtherShrimps",7.13
"Krill.16","SilverHake","Krill",12.36
"Micronekton.16","SilverHake","Micronekton",10.6
"Import.16","SilverHake","Import",4.59
"AtlHerring.17","RedHake","AtlHerring",0.23
"SmPelagics.17","RedHake","SmPelagics",8.42
"Mesopelagics.17","RedHake","Mesopelagics",0.02
"Cod.17","RedHake","Cod",0.46
"Haddock.17","RedHake","Haddock",0.03
"SilverHake.17","RedHake","SilverHake",1.61
"RedHake.17","RedHake","RedHake",0.92
"OtherDemersals.17","RedHake","OtherDemersals",2.47
"Windowpane.17","RedHake","Windowpane",0.01
"SmFlatfishes.17","RedHake","SmFlatfishes",0.07
"OtherSkates.17","RedHake","OtherSkates",0.04
"Illex.17","RedHake","Illex",0.76
"Loligo.17","RedHake","Loligo",0.12
"OtherCephalopods.17","RedHake","OtherCephalopods",2.89
"AmLobster.17","RedHake","AmLobster",0.15
"Macrobenthos.17","RedHake","Macrobenthos",30.59
"Megabenthos.17","RedHake","Megabenthos",11.73
"AtlScallop.17","RedHake","AtlScallop",0.36
"OtherShrimps.17","RedHake","OtherShrimps",12.92
"Krill.17","RedHake","Krill",16.13
"Micronekton.17","RedHake","Micronekton",10.09
"AtlHerring.18","WhiteHake","AtlHerring",5.74
"AtlMackerel.18","WhiteHake","AtlMackerel",0.108
"Butterfish.18","WhiteHake","Butterfish",0.43
"SmPelagics.18","WhiteHake","SmPelagics",5.33
"OtherPelagics.18","WhiteHake","OtherPelagics",0.15
"Cod.18","WhiteHake","Cod",8.21
"Haddock.18","WhiteHake","Haddock",1.03
"SilverHake.18","WhiteHake","SilverHake",33.56
"RedHake.18","WhiteHake","RedHake",9.85
"WhiteHake.18","WhiteHake","WhiteHake",1.55
"OceanPout.18","WhiteHake","OceanPout",0.41
"OtherDemersals.18","WhiteHake","OtherDemersals",3.12
"Windowpane.18","WhiteHake","Windowpane",0.03
"YTFlounder.18","WhiteHake","YTFlounder",0.02
"SmFlatfishes.18","WhiteHake","SmFlatfishes",0.03
"Illex.18","WhiteHake","Illex",0.83
"OtherCephalopods.18","WhiteHake","OtherCephalopods",0.51
"Macrobenthos.18","WhiteHake","Macrobenthos",1.64
"Megabenthos.18","WhiteHake","Megabenthos",1.25
"OtherShrimps.18","WhiteHake","OtherShrimps",12.15
"Krill.18","WhiteHake","Krill",4.36
"Micronekton.18","WhiteHake","Micronekton",8.69
"GelZooplankton.18","WhiteHake","GelZooplankton",0.01
"Import.18","WhiteHake","Import",0.972
"Macrobenthos.19","Redfish","Macrobenthos",0.14
"OtherShrimps.19","Redfish","OtherShrimps",53.71
"Krill.19","Redfish","Krill",20.04
"Micronekton.19","Redfish","Micronekton",26.12
"AtlHerring.20","Pollock","AtlHerring",13.25
"AtlMackerel.20","Pollock","AtlMackerel",0.024
"Butterfish.20","Pollock","Butterfish",6.25
"SmPelagics.20","Pollock","SmPelagics",2.21
"Mesopelagics.20","Pollock","Mesopelagics",1.53
"OtherPelagics.20","Pollock","OtherPelagics",0.02
"Haddock.20","Pollock","Haddock",0.27
"SilverHake.20","Pollock","SilverHake",2.09
"RedHake.20","Pollock","RedHake",0.01
"OtherDemersals.20","Pollock","OtherDemersals",0.04
"Illex.20","Pollock","Illex",0.93
"OtherCephalopods.20","Pollock","OtherCephalopods",0.98
"Macrobenthos.20","Pollock","Macrobenthos",3.32
"AtlScallop.20","Pollock","AtlScallop",0.73
"OtherShrimps.20","Pollock","OtherShrimps",3.62
"Krill.20","Pollock","Krill",46.02
"Micronekton.20","Pollock","Micronekton",18.46
"GelZooplankton.20","Pollock","GelZooplankton",0.03
"Import.20","Pollock","Import",0.216
"Macrobenthos.21","OceanPout","Macrobenthos",72.72
"Megabenthos.21","OceanPout","Megabenthos",16.63
"AtlScallop.21","OceanPout","AtlScallop",10.55
"OtherShrimps.21","OceanPout","OtherShrimps",0.06
"Krill.21","OceanPout","Krill",0.01
"Micronekton.21","OceanPout","Micronekton",0.02
"Butterfish.22","BlackSeaBass","Butterfish",1.61
"Scup.22","BlackSeaBass","Scup",0.69
"OtherDemersals.22","BlackSeaBass","OtherDemersals",0.86
"Loligo.22","BlackSeaBass","Loligo",3.45
"OtherCephalopods.22","BlackSeaBass","OtherCephalopods",0.83
"Macrobenthos.22","BlackSeaBass","Macrobenthos",15.06
"Megabenthos.22","BlackSeaBass","Megabenthos",72.37
"OtherShrimps.22","BlackSeaBass","OtherShrimps",0.8
"Krill.22","BlackSeaBass","Krill",0.01
"Micronekton.22","BlackSeaBass","Micronekton",4.32
"AtlHerring.23","Bluefish","AtlHerring",22.63
"AtlMackerel.23","Bluefish","AtlMackerel",0.101
"Butterfish.23","Bluefish","Butterfish",2.74
"SmPelagics.23","Bluefish","SmPelagics",37.15
"OtherPelagics.23","Bluefish","OtherPelagics",7.7
"Haddock.23","Bluefish","Haddock",1.15
"SilverHake.23","Bluefish","SilverHake",9.83
"RedHake.23","Bluefish","RedHake",2.05
"WhiteHake.23","Bluefish","WhiteHake",0.1
"OceanPout.23","Bluefish","OceanPout",0.88
"Scup.23","Bluefish","Scup",0.26
"OtherDemersals.23","Bluefish","OtherDemersals",1.77
"Windowpane.23","Bluefish","Windowpane",0.15
"WinterFlounder.23","Bluefish","WinterFlounder",0.56
"YTFlounder.23","Bluefish","YTFlounder",0.08
"SmFlatfishes.23","Bluefish","SmFlatfishes",0.02
"Illex.23","Bluefish","Illex",5.81
"Loligo.23","Bluefish","Loligo",4.94
"OtherCephalopods.23","Bluefish","OtherCephalopods",1.09
"Macrobenthos.23","Bluefish","Macrobenthos",0.05
"Megabenthos.23","Bluefish","Megabenthos",0.02
"Micronekton.23","Bluefish","Micronekton",0.01
"Import.23","Bluefish","Import",0.909
"Loligo.24","Scup","Loligo",0.12
"Macrobenthos.24","Scup","Macrobenthos",97.3
"Megabenthos.24","Scup","Megabenthos",1.15
"OtherShrimps.24","Scup","OtherShrimps",0.31
"Krill.24","Scup","Krill",0.39
"Micronekton.24","Scup","Micronekton",0.72
"AtlHerring.25","OtherDemersals","AtlHerring",0.66
"AtlMackerel.25","OtherDemersals","AtlMackerel",0.005
"Butterfish.25","OtherDemersals","Butterfish",10.29
"SmPelagics.25","OtherDemersals","SmPelagics",0.1
"Cod.25","OtherDemersals","Cod",0.17
"Haddock.25","OtherDemersals","Haddock",2.54
"Goosefish.25","OtherDemersals","Goosefish",0.01
"SilverHake.25","OtherDemersals","SilverHake",0.09
"RedHake.25","OtherDemersals","RedHake",1.06
"WhiteHake.25","OtherDemersals","WhiteHake",0.01
"Redfish.25","OtherDemersals","Redfish",0.01
"Pollock.25","OtherDemersals","Pollock",0.1
"OceanPout.25","OtherDemersals","OceanPout",0.09
"Scup.25","OtherDemersals","Scup",0.2
"OtherDemersals.25","OtherDemersals","OtherDemersals",6.38
"Fourspot.25","OtherDemersals","Fourspot",0.24
"AmPlaice.25","OtherDemersals","AmPlaice",0.03
"Windowpane.25","OtherDemersals","Windowpane",1.16
"WinterFlounder.25","OtherDemersals","WinterFlounder",1.38
"WitchFlounder.25","OtherDemersals","WitchFlounder",0.01
"YTFlounder.25","OtherDemersals","YTFlounder",0.49
"SmFlatfishes.25","OtherDemersals","SmFlatfishes",0.01
"SpinyDogfish.25","OtherDemersals","SpinyDogfish",1.41
"WinterSkate.25","OtherDemersals","WinterSkate",2.43
"LittleSkate.25","OtherDemersals","LittleSkate",0.46
"Illex.25","OtherDemersals","Illex",0.15
"Loligo.25","OtherDemersals","Loligo",0.85
"AmLobster.25","OtherDemersals","AmLobster",1
"Macrobenthos.25","OtherDemersals","Macrobenthos",48.5
"Megabenthos.25","OtherDemersals","Megabenthos",12.32
"AtlScallop.25","OtherDemersals","AtlScallop",1.33
"OceanQuahog.25","OtherDemersals","OceanQuahog",0.4
"SurfClam.25","OtherDemersals","SurfClam",2.67
"OtherShrimps.25","OtherDemersals","OtherShrimps",0.6
"Krill.25","OtherDemersals","Krill",0.02
"Micronekton.25","OtherDemersals","Micronekton",0.08
"GelZooplankton.25","OtherDemersals","GelZooplankton",0.5
"Detritus.25","OtherDemersals","Detritus",2.2
"Import.25","OtherDemersals","Import",0.045
"AtlHerring.26","SouthernDemersals","AtlHerring",0.66
"AtlMackerel.26","SouthernDemersals","AtlMackerel",0.005
"Butterfish.26","SouthernDemersals","Butterfish",10.29
"SmPelagics.26","SouthernDemersals","SmPelagics",0.1
"Cod.26","SouthernDemersals","Cod",0.17
"Haddock.26","SouthernDemersals","Haddock",2.54
"Goosefish.26","SouthernDemersals","Goosefish",0.01
"SilverHake.26","SouthernDemersals","SilverHake",0.09
"RedHake.26","SouthernDemersals","RedHake",1.06
"WhiteHake.26","SouthernDemersals","WhiteHake",0.01
"Redfish.26","SouthernDemersals","Redfish",0.01
"Pollock.26","SouthernDemersals","Pollock",0.1
"OceanPout.26","SouthernDemersals","OceanPout",0.09
"Scup.26","SouthernDemersals","Scup",0.2
"OtherDemersals.26","SouthernDemersals","OtherDemersals",0.38
"Fourspot.26","SouthernDemersals","Fourspot",0.24
"AmPlaice.26","SouthernDemersals","AmPlaice",0.03
"Windowpane.26","SouthernDemersals","Windowpane",1.16
"WinterFlounder.26","SouthernDemersals","WinterFlounder",1.38
"WitchFlounder.26","SouthernDemersals","WitchFlounder",0.01
"YTFlounder.26","SouthernDemersals","YTFlounder",0.49
"SmFlatfishes.26","SouthernDemersals","SmFlatfishes",0.01
"SpinyDogfish.26","SouthernDemersals","SpinyDogfish",1.41
"WinterSkate.26","SouthernDemersals","WinterSkate",2.43
"LittleSkate.26","SouthernDemersals","LittleSkate",0.46
"Illex.26","SouthernDemersals","Illex",0.15
"Loligo.26","SouthernDemersals","Loligo",0.85
"AmLobster.26","SouthernDemersals","AmLobster",13.18
"Macrobenthos.26","SouthernDemersals","Macrobenthos",48.5
"Megabenthos.26","SouthernDemersals","Megabenthos",0.12
"AtlScallop.26","SouthernDemersals","AtlScallop",1.33
"OceanQuahog.26","SouthernDemersals","OceanQuahog",6.4
"SurfClam.26","SouthernDemersals","SurfClam",2.67
"OtherShrimps.26","SouthernDemersals","OtherShrimps",0.6
"Krill.26","SouthernDemersals","Krill",0.02
"Micronekton.26","SouthernDemersals","Micronekton",0.08
"GelZooplankton.26","SouthernDemersals","GelZooplankton",0.5
"Detritus.26","SouthernDemersals","Detritus",2.2
"Import.26","SouthernDemersals","Import",0.045
"SeaBirds.27","Fourspot","SeaBirds",0.01
"Butterfish.27","Fourspot","Butterfish",0.31
"SmPelagics.27","Fourspot","SmPelagics",3.99
"Mesopelagics.27","Fourspot","Mesopelagics",0.1
"Haddock.27","Fourspot","Haddock",0.08
"Goosefish.27","Fourspot","Goosefish",0.14
"SilverHake.27","Fourspot","SilverHake",15.55
"RedHake.27","Fourspot","RedHake",0.69
"OceanPout.27","Fourspot","OceanPout",0.08
"Scup.27","Fourspot","Scup",0.07
"OtherDemersals.27","Fourspot","OtherDemersals",2.53
"Fourspot.27","Fourspot","Fourspot",0.01
"Windowpane.27","Fourspot","Windowpane",0.09
"SmFlatfishes.27","Fourspot","SmFlatfishes",0.23
"LittleSkate.27","Fourspot","LittleSkate",0.83
"OtherSkates.27","Fourspot","OtherSkates",0.25
"Illex.27","Fourspot","Illex",3.22
"Loligo.27","Fourspot","Loligo",5.39
"OtherCephalopods.27","Fourspot","OtherCephalopods",3.36
"Macrobenthos.27","Fourspot","Macrobenthos",7.07
"Megabenthos.27","Fourspot","Megabenthos",19.01
"OtherShrimps.27","Fourspot","OtherShrimps",24.99
"Krill.27","Fourspot","Krill",2.01
"Micronekton.27","Fourspot","Micronekton",9.96
"GelZooplankton.27","Fourspot","GelZooplankton",0.04
"AtlHerring.28","SummerFlounder","AtlHerring",3.15
"AtlMackerel.28","SummerFlounder","AtlMackerel",0.37
"Butterfish.28","SummerFlounder","Butterfish",2.21
"SmPelagics.28","SummerFlounder","SmPelagics",16.78
"Haddock.28","SummerFlounder","Haddock",3.22
"SilverHake.28","SummerFlounder","SilverHake",15.14
"RedHake.28","SummerFlounder","RedHake",12.88
"OceanPout.28","SummerFlounder","OceanPout",0.29
"Scup.28","SummerFlounder","Scup",1.06
"OtherDemersals.28","SummerFlounder","OtherDemersals",3.51
"Windowpane.28","SummerFlounder","Windowpane",1.94
"SmFlatfishes.28","SummerFlounder","SmFlatfishes",3.04
"Illex.28","SummerFlounder","Illex",5.21
"Loligo.28","SummerFlounder","Loligo",16.75
"OtherCephalopods.28","SummerFlounder","OtherCephalopods",6.37
"Macrobenthos.28","SummerFlounder","Macrobenthos",0.23
"Megabenthos.28","SummerFlounder","Megabenthos",4.18
"OtherShrimps.28","SummerFlounder","OtherShrimps",0.1
"Krill.28","SummerFlounder","Krill",0.04
"Micronekton.28","SummerFlounder","Micronekton",0.22
"Import.28","SummerFlounder","Import",3.33
"SilverHake.29","AmPlaice","SilverHake",3.86
"RedHake.29","AmPlaice","RedHake",0.71
"OtherDemersals.29","AmPlaice","OtherDemersals",0.21
"Loligo.29","AmPlaice","Loligo",4.25
"Macrobenthos.29","AmPlaice","Macrobenthos",74.54
"Megabenthos.29","AmPlaice","Megabenthos",4.9
"AtlScallop.29","AmPlaice","AtlScallop",1.56
"OtherShrimps.29","AmPlaice","OtherShrimps",1.99
"Krill.29","AmPlaice","Krill",0.21
"Micronekton.29","AmPlaice","Micronekton",7.79
"Butterfish.30","Windowpane","Butterfish",0.01
"SmPelagics.30","Windowpane","SmPelagics",30.95
"Mesopelagics.30","Windowpane","Mesopelagics",0.01
"Cod.30","Windowpane","Cod",0.03
"SilverHake.30","Windowpane","SilverHake",1.54
"RedHake.30","Windowpane","RedHake",0.15
"OtherDemersals.30","Windowpane","OtherDemersals",2.85
"Windowpane.30","Windowpane","Windowpane",0.12
"SmFlatfishes.30","Windowpane","SmFlatfishes",0.01
"Loligo.30","Windowpane","Loligo",0.1
"OtherCephalopods.30","Windowpane","OtherCephalopods",0.03
"Macrobenthos.30","Windowpane","Macrobenthos",23.92
"Megabenthos.30","Windowpane","Megabenthos",1.09
"OtherShrimps.30","Windowpane","OtherShrimps",9.75
"Krill.30","Windowpane","Krill",2.44
"Micronekton.30","Windowpane","Micronekton",26.99
"SmPelagics.31","WinterFlounder","SmPelagics",0.06
"OtherCephalopods.31","WinterFlounder","OtherCephalopods",0.05
"Macrobenthos.31","WinterFlounder","Macrobenthos",89.65
"Megabenthos.31","WinterFlounder","Megabenthos",2.25
"AtlScallop.31","WinterFlounder","AtlScallop",0.26
"SurfClam.31","WinterFlounder","SurfClam",0.14
"OtherShrimps.31","WinterFlounder","OtherShrimps",0.03
"Krill.31","WinterFlounder","Krill",0.01
"Micronekton.31","WinterFlounder","Micronekton",0.11
"GelZooplankton.31","WinterFlounder","GelZooplankton",7.43
"Macrobenthos.32","WitchFlounder","Macrobenthos",95.95
"OtherShrimps.32","WitchFlounder","OtherShrimps",3.78
"Krill.32","WitchFlounder","Krill",0.08
"Micronekton.32","WitchFlounder","Micronekton",0.19
"SmPelagics.33","YTFlounder","SmPelagics",10.92
"SilverHake.33","YTFlounder","SilverHake",0.21
"OtherDemersals.33","YTFlounder","OtherDemersals",0.07
"OtherCephalopods.33","YTFlounder","OtherCephalopods",0.02
"Macrobenthos.33","YTFlounder","Macrobenthos",76.43
"Megabenthos.33","YTFlounder","Megabenthos",3.47
"SurfClam.33","YTFlounder","SurfClam",0.04
"OtherShrimps.33","YTFlounder","OtherShrimps",4.09
"Krill.33","YTFlounder","Krill",0.37
"Micronekton.33","YTFlounder","Micronekton",3.94
"GelZooplankton.33","YTFlounder","GelZooplankton",0.43
"Macrobenthos.34","SmFlatfishes","Macrobenthos",91.52
"Megabenthos.34","SmFlatfishes","Megabenthos",2.53
"OtherShrimps.34","SmFlatfishes","OtherShrimps",0.96
"Krill.34","SmFlatfishes","Krill",1.37
"Micronekton.34","SmFlatfishes","Micronekton",3.62
"Sharks.35","SpinyDogfish","Sharks",0.01
"AtlHerring.35","SpinyDogfish","AtlHerring",5.245
"AtlMackerel.35","SpinyDogfish","AtlMackerel",0.0115
"Butterfish.35","SpinyDogfish","Butterfish",0.205
"SmPelagics.35","SpinyDogfish","SmPelagics",5.27
"OtherPelagics.35","SpinyDogfish","OtherPelagics",0.145
"Cod.35","SpinyDogfish","Cod",0.035
"Haddock.35","SpinyDogfish","Haddock",0.065
"Goosefish.35","SpinyDogfish","Goosefish",0.02
"SilverHake.35","SpinyDogfish","SilverHake",0.34
"RedHake.35","SpinyDogfish","RedHake",0.24
"WhiteHake.35","SpinyDogfish","WhiteHake",0.025
"OceanPout.35","SpinyDogfish","OceanPout",0.1
"Bluefish.35","SpinyDogfish","Bluefish",0.015
"Scup.35","SpinyDogfish","Scup",0.02
"OtherDemersals.35","SpinyDogfish","OtherDemersals",0.735
"Fourspot.35","SpinyDogfish","Fourspot",0.055
"AmPlaice.35","SpinyDogfish","AmPlaice",0.015
"Windowpane.35","SpinyDogfish","Windowpane",0.02
"WinterFlounder.35","SpinyDogfish","WinterFlounder",0.015
"YTFlounder.35","SpinyDogfish","YTFlounder",0.01
"SmFlatfishes.35","SpinyDogfish","SmFlatfishes",0.015
"SpinyDogfish.35","SpinyDogfish","SpinyDogfish",0.005
"OtherSkates.35","SpinyDogfish","OtherSkates",0.02
"Illex.35","SpinyDogfish","Illex",2.16
"Loligo.35","SpinyDogfish","Loligo",2.135
"OtherCephalopods.35","SpinyDogfish","OtherCephalopods",1.445
"AmLobster.35","SpinyDogfish","AmLobster",0.015
"Macrobenthos.35","SpinyDogfish","Macrobenthos",3.17
"Megabenthos.35","SpinyDogfish","Megabenthos",0.795
"AtlScallop.35","SpinyDogfish","AtlScallop",0.07
"SurfClam.35","SpinyDogfish","SurfClam",0.035
"OtherShrimps.35","SpinyDogfish","OtherShrimps",0.06
"Krill.35","SpinyDogfish","Krill",0.52
"Micronekton.35","SpinyDogfish","Micronekton",0.925
"GelZooplankton.35","SpinyDogfish","GelZooplankton",25.935
"Import.35","SpinyDogfish","Import",50.1035
"AtlHerring.36","SmoothDogfish","AtlHerring",0.02
"SmPelagics.36","SmoothDogfish","SmPelagics",0.16
"OtherPelagics.36","SmoothDogfish","OtherPelagics",0.06
"Cod.36","SmoothDogfish","Cod",0.01
"OceanPout.36","SmoothDogfish","OceanPout",0.05
"Scup.36","SmoothDogfish","Scup",0.05
"OtherDemersals.36","SmoothDogfish","OtherDemersals",0.98
"Windowpane.36","SmoothDogfish","Windowpane",0.05
"OtherSkates.36","SmoothDogfish","OtherSkates",0.02
"Loligo.36","SmoothDogfish","Loligo",0.6
"OtherCephalopods.36","SmoothDogfish","OtherCephalopods",0.27
"AmLobster.36","SmoothDogfish","AmLobster",0.17
"Macrobenthos.36","SmoothDogfish","Macrobenthos",2.48
"Megabenthos.36","SmoothDogfish","Megabenthos",94.98
"SurfClam.36","SmoothDogfish","SurfClam",0.07
"OtherShrimps.36","SmoothDogfish","OtherShrimps",0.01
"Micronekton.36","SmoothDogfish","Micronekton",0.01
"GelZooplankton.36","SmoothDogfish","GelZooplankton",0.01
"AtlHerring.37","Barndoor","AtlHerring",1.19
"SmPelagics.37","Barndoor","SmPelagics",1.27
"Haddock.37","Barndoor","Haddock",3.2
"Goosefish.37","Barndoor","Goosefish",0.55
"SilverHake.37","Barndoor","SilverHake",4.06
"RedHake.37","Barndoor","RedHake",3.18
"OceanPout.37","Barndoor","OceanPout",0.53
"BlackSeaBass.37","Barndoor","BlackSeaBass",0.2
"OtherDemersals.37","Barndoor","OtherDemersals",7.48
"Fourspot.37","Barndoor","Fourspot",0.78
"Windowpane.37","Barndoor","Windowpane",0.06
"SmFlatfishes.37","Barndoor","SmFlatfishes",0.57
"OtherSkates.37","Barndoor","OtherSkates",0.09
"Loligo.37","Barndoor","Loligo",0.26
"OtherCephalopods.37","Barndoor","OtherCephalopods",0.14
"AmLobster.37","Barndoor","AmLobster",0.18
"Macrobenthos.37","Barndoor","Macrobenthos",1.55
"Megabenthos.37","Barndoor","Megabenthos",68.6
"OtherShrimps.37","Barndoor","OtherShrimps",4.14
"Krill.37","Barndoor","Krill",0.6
"Micronekton.37","Barndoor","Micronekton",1.37
"AtlHerring.38","WinterSkate","AtlHerring",1.18
"AtlMackerel.38","WinterSkate","AtlMackerel",0.018
"Butterfish.38","WinterSkate","Butterfish",0.21
"SmPelagics.38","WinterSkate","SmPelagics",42.87
"OtherPelagics.38","WinterSkate","OtherPelagics",0.18
"Haddock.38","WinterSkate","Haddock",0.48
"SilverHake.38","WinterSkate","SilverHake",1.05
"RedHake.38","WinterSkate","RedHake",0.42
"OceanPout.38","WinterSkate","OceanPout",0.04
"Scup.38","WinterSkate","Scup",0.07
"OtherDemersals.38","WinterSkate","OtherDemersals",1.59
"Windowpane.38","WinterSkate","Windowpane",0.04
"LittleSkate.38","WinterSkate","LittleSkate",0.01
"OtherSkates.38","WinterSkate","OtherSkates",0.03
"Illex.38","WinterSkate","Illex",0.08
"Loligo.38","WinterSkate","Loligo",1.49
"OtherCephalopods.38","WinterSkate","OtherCephalopods",0.19
"AmLobster.38","WinterSkate","AmLobster",0.01
"Macrobenthos.38","WinterSkate","Macrobenthos",43.88
"Megabenthos.38","WinterSkate","Megabenthos",2.89
"AtlScallop.38","WinterSkate","AtlScallop",0.01
"SurfClam.38","WinterSkate","SurfClam",0.06
"OtherShrimps.38","WinterSkate","OtherShrimps",2.49
"Krill.38","WinterSkate","Krill",0.06
"Micronekton.38","WinterSkate","Micronekton",0.48
"GelZooplankton.38","WinterSkate","GelZooplankton",0.01
"Import.38","WinterSkate","Import",0.162
"AtlHerring.39","LittleSkate","AtlHerring",0.01
"Butterfish.39","LittleSkate","Butterfish",0.03
"SmPelagics.39","LittleSkate","SmPelagics",0.73
"Haddock.39","LittleSkate","Haddock",0.07
"SilverHake.39","LittleSkate","SilverHake",0.67
"RedHake.39","LittleSkate","RedHake",0.14
"OceanPout.39","LittleSkate","OceanPout",0.02
"Scup.39","LittleSkate","Scup",0.04
"OtherDemersals.39","LittleSkate","OtherDemersals",1.61
"WinterFlounder.39","LittleSkate","WinterFlounder",0.02
"YTFlounder.39","LittleSkate","YTFlounder",0.02
"SmFlatfishes.39","LittleSkate","SmFlatfishes",0.1
"Loligo.39","LittleSkate","Loligo",0.28
"OtherCephalopods.39","LittleSkate","OtherCephalopods",0.14
"Macrobenthos.39","LittleSkate","Macrobenthos",53.69
"Megabenthos.39","LittleSkate","Megabenthos",29.42
"SurfClam.39","LittleSkate","SurfClam",0.01
"OtherShrimps.39","LittleSkate","OtherShrimps",8.63
"Krill.39","LittleSkate","Krill",1.12
"Micronekton.39","LittleSkate","Micronekton",3.23
"GelZooplankton.39","LittleSkate","GelZooplankton",0.01
"AtlHerring.40","OtherSkates","AtlHerring",2.08
"SmPelagics.40","OtherSkates","SmPelagics",2.47
"Mesopelagics.40","OtherSkates","Mesopelagics",0.09
"Haddock.40","OtherSkates","Haddock",0.99
"Goosefish.40","OtherSkates","Goosefish",0.99
"SilverHake.40","OtherSkates","SilverHake",0.06
"RedHake.40","OtherSkates","RedHake",1.49
"BlackSeaBass.40","OtherSkates","BlackSeaBass",0.2
"OtherDemersals.40","OtherSkates","OtherDemersals",1.95
"WinterFlounder.40","OtherSkates","WinterFlounder",0.01
"WitchFlounder.40","OtherSkates","WitchFlounder",0.03
"YTFlounder.40","OtherSkates","YTFlounder",0.01
"SmFlatfishes.40","OtherSkates","SmFlatfishes",0.09
"OtherSkates.40","OtherSkates","OtherSkates",0.01
"OtherCephalopods.40","OtherSkates","OtherCephalopods",0.12
"Macrobenthos.40","OtherSkates","Macrobenthos",59.14
"Megabenthos.40","OtherSkates","Megabenthos",9.33
"AtlScallop.40","OtherSkates","AtlScallop",0.02
"OtherShrimps.40","OtherSkates","OtherShrimps",7.56
"Krill.40","OtherSkates","Krill",5.72
"Micronekton.40","OtherSkates","Micronekton",7.63
"AtlHerring.41","Illex","AtlHerring",0.1
"AtlMackerel.41","Illex","AtlMackerel",0.001
"Butterfish.41","Illex","Butterfish",1.5
"SmPelagics.41","Illex","SmPelagics",1.81
"Illex.41","Illex","Illex",1.18
"Loligo.41","Illex","Loligo",6.51
"OtherCephalopods.41","Illex","OtherCephalopods",0.01
"Macrobenthos.41","Illex","Macrobenthos",11.7
"OtherShrimps.41","Illex","OtherShrimps",1.1
"Krill.41","Illex","Krill",7.74
"Micronekton.41","Illex","Micronekton",55.45
"LgCopepods.41","Illex","LgCopepods",12.9
"Import.41","Illex","Import",0.009
"AtlHerring.42","Loligo","AtlHerring",0.1
"AtlMackerel.42","Loligo","AtlMackerel",0.001
"Butterfish.42","Loligo","Butterfish",1.5
"SmPelagics.42","Loligo","SmPelagics",1.81
"Illex.42","Loligo","Illex",1.18
"Loligo.42","Loligo","Loligo",0.510000000000001
"OtherCephalopods.42","Loligo","OtherCephalopods",0.01
"Macrobenthos.42","Loligo","Macrobenthos",11.7
"OtherShrimps.42","Loligo","OtherShrimps",1.1
"Krill.42","Loligo","Krill",13.74
"Micronekton.42","Loligo","Micronekton",55.45
"LgCopepods.42","Loligo","LgCopepods",12.9
"Import.42","Loligo","Import",0.009
"AtlHerring.43","OtherCephalopods","AtlHerring",0.1
"AtlMackerel.43","OtherCephalopods","AtlMackerel",0.001
"Butterfish.43","OtherCephalopods","Butterfish",1.5
"SmPelagics.43","OtherCephalopods","SmPelagics",1.81
"Illex.43","OtherCephalopods","Illex",1.18
"Loligo.43","OtherCephalopods","Loligo",6.51
"OtherCephalopods.43","OtherCephalopods","OtherCephalopods",0.01
"Macrobenthos.43","OtherCephalopods","Macrobenthos",11.7
"OtherShrimps.43","OtherCephalopods","OtherShrimps",1.1
"Krill.43","OtherCephalopods","Krill",7.74
"Micronekton.43","OtherCephalopods","Micronekton",55.45
"LgCopepods.43","OtherCephalopods","LgCopepods",12.9
"Import.43","OtherCephalopods","Import",0.009
"Haddock.44","AmLobster","Haddock",0.1
"RedHake.44","AmLobster","RedHake",0.04
"Scup.44","AmLobster","Scup",0.01
"OtherDemersals.44","AmLobster","OtherDemersals",0.01
"Fourspot.44","AmLobster","Fourspot",0.01
"Windowpane.44","AmLobster","Windowpane",0.05
"WinterFlounder.44","AmLobster","WinterFlounder",0.05
"YTFlounder.44","AmLobster","YTFlounder",0.02
"WinterSkate.44","AmLobster","WinterSkate",0.17
"LittleSkate.44","AmLobster","LittleSkate",0.03
"AmLobster.44","AmLobster","AmLobster",4.46
"Macrobenthos.44","AmLobster","Macrobenthos",49.7
"Megabenthos.44","AmLobster","Megabenthos",0.04
"AtlScallop.44","AmLobster","AtlScallop",0.61
"OceanQuahog.44","AmLobster","OceanQuahog",0.95
"SurfClam.44","AmLobster","SurfClam",2.23
"Bacteria.44","AmLobster","Bacteria",17.6
"LgCopepods.44","AmLobster","LgCopepods",0.5
"Detritus.44","AmLobster","Detritus",23.4
"Haddock.45","Macrobenthos","Haddock",0.02
"RedHake.45","Macrobenthos","RedHake",0.01
"Windowpane.45","Macrobenthos","Windowpane",0.01
"WinterFlounder.45","Macrobenthos","WinterFlounder",0.01
"WinterSkate.45","Macrobenthos","WinterSkate",0.03
"Macrobenthos.45","Macrobenthos","Macrobenthos",7.83
"AtlScallop.45","Macrobenthos","AtlScallop",0.36
"OceanQuahog.45","Macrobenthos","OceanQuahog",0.02
"SurfClam.45","Macrobenthos","SurfClam",0.47
"Bacteria.45","Macrobenthos","Bacteria",23.21
"LgCopepods.45","Macrobenthos","LgCopepods",0.468818369315466
"SmCopepods.45","Macrobenthos","SmCopepods",0.381181630684534
"Phytoplankton.45","Macrobenthos","Phytoplankton",23.07
"Detritus.45","Macrobenthos","Detritus",44.12
"Haddock.46","Megabenthos","Haddock",0.1
"RedHake.46","Megabenthos","RedHake",0.04
"Scup.46","Megabenthos","Scup",0.01
"OtherDemersals.46","Megabenthos","OtherDemersals",0.01
"Fourspot.46","Megabenthos","Fourspot",0.01
"Windowpane.46","Megabenthos","Windowpane",0.05
"WinterFlounder.46","Megabenthos","WinterFlounder",0.05
"YTFlounder.46","Megabenthos","YTFlounder",0.02
"WinterSkate.46","Megabenthos","WinterSkate",0.17
"LittleSkate.46","Megabenthos","LittleSkate",0.03
"AmLobster.46","Megabenthos","AmLobster",0.1
"Macrobenthos.46","Megabenthos","Macrobenthos",50.2
"Megabenthos.46","Megabenthos","Megabenthos",4.41
"AtlScallop.46","Megabenthos","AtlScallop",0.61
"OceanQuahog.46","Megabenthos","OceanQuahog",0.15
"SurfClam.46","Megabenthos","SurfClam",4.03
"Bacteria.46","Megabenthos","Bacteria",17.6
"Detritus.46","Megabenthos","Detritus",22.4
"Bacteria.47","AtlScallop","Bacteria",8
"Phytoplankton.47","AtlScallop","Phytoplankton",69
"Detritus.47","AtlScallop","Detritus",23
"Bacteria.48","OceanQuahog","Bacteria",8
"Phytoplankton.48","OceanQuahog","Phytoplankton",69
"Detritus.48","OceanQuahog","Detritus",23
"Bacteria.49","SurfClam","Bacteria",8
"Phytoplankton.49","SurfClam","Phytoplankton",69
"Detritus.49","SurfClam","Detritus",23
"Macrobenthos.50","OtherShrimps","Macrobenthos",2.2
"OtherShrimps.50","OtherShrimps","OtherShrimps",0.05
"Krill.50","OtherShrimps","Krill",2.09
"Micronekton.50","OtherShrimps","Micronekton",10.21
"Bacteria.50","OtherShrimps","Bacteria",36.55
"Phytoplankton.50","OtherShrimps","Phytoplankton",6.2
"Detritus.50","OtherShrimps","Detritus",42.7
"Krill.51","Krill","Krill",0.7
"Micronekton.51","Krill","Micronekton",3.4
"LgCopepods.51","Krill","LgCopepods",27.291926499436
"SmCopepods.51","Krill","SmCopepods",36.108073500564
"Phytoplankton.51","Krill","Phytoplankton",16.2
"Detritus.51","Krill","Detritus",16.3
"Krill.52","Micronekton","Krill",0.7
"Micronekton.52","Micronekton","Micronekton",3.4
"LgCopepods.52","Micronekton","LgCopepods",27.291926499436
"SmCopepods.52","Micronekton","SmCopepods",36.108073500564
"Phytoplankton.52","Micronekton","Phytoplankton",16.2
"Detritus.52","Micronekton","Detritus",16.3
"AtlHerring.53","GelZooplankton","AtlHerring",0.03
"Butterfish.53","GelZooplankton","Butterfish",0.1
"SmPelagics.53","GelZooplankton","SmPelagics",0.2
"Illex.53","GelZooplankton","Illex",0.01
"Loligo.53","GelZooplankton","Loligo",0.04
"Micronekton.53","GelZooplankton","Micronekton",1.37
"GelZooplankton.53","GelZooplankton","GelZooplankton",2.1
"Microzooplankton.53","GelZooplankton","Microzooplankton",5.1
"Bacteria.53","GelZooplankton","Bacteria",2
"LgCopepods.53","GelZooplankton","LgCopepods",30.6908596769732
"SmCopepods.53","GelZooplankton","SmCopepods",39.4691403230268
"Phytoplankton.53","GelZooplankton","Phytoplankton",8.7
"Detritus.53","GelZooplankton","Detritus",10.2
"Microzooplankton.54","Microzooplankton","Microzooplankton",12
"Bacteria.54","Microzooplankton","Bacteria",16
"Phytoplankton.54","Microzooplankton","Phytoplankton",21.6
"Detritus.54","Microzooplankton","Detritus",50.4
"Phytoplankton.55","Bacteria","Phytoplankton",24
"Detritus.55","Bacteria","Detritus",76
"Macrobenthos.56","LgCopepods","Macrobenthos",0.02944298
"GelZooplankton.56","LgCopepods","GelZooplankton",5.314463
"Microzooplankton.56","LgCopepods","Microzooplankton",4.386522
"LgCopepods.56","LgCopepods","LgCopepods",10.2442673925046
"SmCopepods.56","LgCopepods","SmCopepods",19.4358526074954
"Phytoplankton.56","LgCopepods","Phytoplankton",54.6493
"Detritus.56","LgCopepods","Detritus",5.940142
"Microzooplankton.57","SmCopepods","Microzooplankton",8
"LgCopepods.57","SmCopepods","LgCopepods",0.25
"SmCopepods.57","SmCopepods","SmCopepods",6.25
"Phytoplankton.57","SmCopepods","Phytoplankton",72.4375
"Detritus.57","SmCopepods","Detritus",13.0625
